-- Supabase/PostgreSQL schema for the hospital database.
-- Paste this into Supabase SQL Editor.

begin;

create extension if not exists pgcrypto;

drop table if exists direksi_profiles cascade;
drop table if exists positions cascade;
drop table if exists kontak cascade;
drop table if exists banner cascade;
drop table if exists layanan cascade;
drop table if exists artikel cascade;
drop table if exists jadwal_dokter cascade;
drop table if exists dokter cascade;
drop table if exists admin cascade;

create table admin (
    id_admin bigint generated by default as identity primary key,
    username varchar(255) not null unique,
    password varchar(255) not null,
    nama_admin varchar(255) not null
);

create table positions (
    id bigint generated by default as identity primary key,
    code varchar(100) not null unique,
    name varchar(255) not null,
    parent_id bigint,
    sort_order smallint not null default 0,
    created_at timestamp,
    updated_at timestamp,
    constraint positions_parent_id_foreign
        foreign key (parent_id)
        references positions (id)
        on delete restrict
);

create table direksi_profiles (
    id bigint generated by default as identity primary key,
    position_id bigint not null unique,
    nama_pejabat varchar(255),
    foto_profil varchar(255),
    deskripsi_singkat text,
    is_active boolean not null default true,
    created_at timestamp,
    updated_at timestamp,
    constraint direksi_profiles_position_id_foreign
        foreign key (position_id)
        references positions (id)
        on delete restrict
);

insert into positions (id, code, name, parent_id, sort_order, created_at, updated_at)
values
    (1, 'director', 'Direktur', null, 1, now(), now()),
    (2, 'vice-director-medical', 'Wakil Direktur Pelayanan Medik, Keperawatan, dan Diklit', 1, 1, now(), now()),
    (3, 'vice-director-support', 'Wakil Direktur Pelayanan Penunjang, Kefarmasian & Pemasaran', 1, 2, now(), now()),
    (4, 'vice-director-services', 'Wakil Direktur SDM, Keuangan dan Umum', 1, 3, now(), now()),
    (5, 'head-medical-services', 'Kepala Bidang Pelayanan Medik & Penunjang Medik', 2, 1, now(), now()),
    (6, 'head-nursing', 'Kepala Bidang Pendidikan, Penelitian & Inovasi', 2, 2, now(), now()),
    (7, 'head-education', 'Kepala Bidang Pelayanan Keperawatan dan Kebidanan', 2, 3, now(), now()),
    (8, 'head-hr', 'Kepala Bidang Pelayanan Penunjang' now()),
    (9, 'head-finance', 'Kepala Bidang Kefarmasian dan Peralatan Medis', 3, 2, now(), now()),
    (10, 'head-general', 'Kepala Bidang Pemasaran dan Hubungan Masyarakat', 3, 3, now(), now()),
    (11, 'head-supporting-services', 'Kepala Bagian Umum dan SDM', 4, 1, now(), now()),
    (12, 'head-pharmacy', 'Kepala Bagian Perencanaan dan Evaluasi', 4, 2, now(), now()),
    (13, 'head-marketing', 'Kepala Bagian Keuangan', 4, 3, now(), now());

insert into direksi_profiles (id, position_id, nama_pejabat, foto_profil, deskripsi_singkat, is_active, created_at, updated_at)
values
    (1, 1, null, null, null, true, now(), now()),
    (2, 2, null, null, null, true, now(), now()),
    (3, 3, null, null, null, true, now(), now()),
    (4, 4, null, null, null, true, now(), now()),
    (5, 5, null, null, null, true, now(), now()),
    (6, 6, null, null, null, true, now(), now()),
    (7, 7, null, null, null, true, now(), now()),
    (8, 8, null, null, null, true, now(), now()),
    (9, 9, null, null, null, true, now(), now()),
    (10, 10, null, null, null, true, now(), now()),
    (11, 11, null, null, null, true, now(), now()),
    (12, 12, null, null, null, true, now(), now()),
    (13, 13, null, null, null, true, now(), now());

create table dokter (
    id_dokter bigint generated by default as identity primary key,
    nama_dokter varchar(255) not null,
    spesialis varchar(255) not null,
    foto_dokter varchar(255),
    id_admin bigint not null,
    constraint dokter_id_admin_foreign
        foreign key (id_admin)
        references admin (id_admin)
        on delete cascade
);

create table jadwal_dokter (
    id_jadwal bigint generated by default as identity primary key,
    id_dokter bigint not null,
    hari varchar(255) not null,
    jam_mulai time not null,
    jam_selesai time not null,
    poli varchar(255) not null,
    id_admin bigint not null,
    constraint jadwal_dokter_id_dokter_foreign
        foreign key (id_dokter)
        references dokter (id_dokter)
        on delete cascade,
    constraint jadwal_dokter_id_admin_foreign
        foreign key (id_admin)
        references admin (id_admin)
        on delete cascade
);

create table artikel (
    id_artikel bigint generated by default as identity primary key,
    judul varchar(255) not null,
    isi_artikel text not null,
    gambar_artikel varchar(255),
    kategori varchar(255) not null,
    tanggal date not null,
    slug varchar(255),
    excerpt text,
    thumbnail varchar(255),
    id_kategori bigint,
    status varchar(30) not null default 'draft',
    published_at timestamp,
    created_at timestamp,
    updated_at timestamp,
    id_admin bigint not null,
    constraint artikel_id_admin_foreign
        foreign key (id_admin)
        references admin (id_admin)
        on delete cascade
);

insert into admin (username, password, nama_admin)
values
    ('admin', crypt('123', gen_salt('bf')), 'Admin Utama'),
    ('admin_operasional', crypt('password123', gen_salt('bf')), 'Admin Operasional');

insert into dokter (nama_dokter, spesialis, foto_dokter, id_admin)
values
    ('dr. Andi Pratama', 'Penyakit Dalam', 'dokter/andi-pratama.jpg', 1),
    ('dr. Siti Lestari', 'Anak', 'dokter/siti-lestari.jpg', 2);

insert into jadwal_dokter (id_dokter, hari, jam_mulai, jam_selesai, poli, id_admin)
values
    (1, 'Senin', '08:00:00', '12:00:00', 'Poli Penyakit Dalam', 1),
    (2, 'Selasa', '09:00:00', '13:00:00', 'Poli Anak', 2);

insert into artikel (judul, isi_artikel, gambar_artikel, kategori, tanggal, id_admin)
values
    ('Pentingnya Cek Kesehatan Rutin', 'Pemeriksaan rutin membantu deteksi dini berbagai penyakit.', 'artikel/cek-rutin.jpg', 'Edukasi', '2026-04-01', 1),
    ('Tips Menjaga Imunitas Keluarga', 'Imunitas dapat dijaga dengan tidur cukup, nutrisi baik, dan olahraga.', 'artikel/imunitas-keluarga.jpg', 'Kesehatan', '2026-04-02', 2);

commit;